{"class_name": "Model", "keras_version": "2.0.3", "config": {"layers": [{"class_name": "InputLayer", "config": {"dtype": "float32", "batch_input_shape": [null, 26, 21], "name": "input_1", "sparse": false}, "inbound_nodes": [], "name": "input_1"}, {"class_name": "InputLayer", "config": {"dtype": "float32", "batch_input_shape": [null, 399], "name": "input_2", "sparse": false}, "inbound_nodes": [], "name": "input_2"}, {"class_name": "Masking", "config": {"trainable": true, "mask_value": 0.0, "name": "masking_1"}, "inbound_nodes": [[["input_1", 0, 0, {}]]], "name": "masking_1"}, {"class_name": "Dense", "config": {"kernel_initializer": {"class_name": "VarianceScaling", "config": {"distribution": "uniform", "scale": 1.0, "seed": null, "mode": "fan_avg"}}, "name": "dense_1", "kernel_constraint": null, "bias_regularizer": null, "bias_constraint": null, "activation": "relu", "trainable": true, "kernel_regularizer": null, "bias_initializer": {"class_name": "Zeros", "config": {}}, "units": 64, "use_bias": true, "activity_regularizer": null}, "inbound_nodes": [[["input_2", 0, 0, {}]]], "name": "dense_1"}, {"class_name": "LSTM", "config": {"recurrent_activation": "hard_sigmoid", "trainable": true, "recurrent_initializer": {"class_name": "Orthogonal", "config": {"seed": null, "gain": 1.0}}, "use_bias": true, "bias_regularizer": null, "implementation": 0, "unroll": false, "activation": "relu", "bias_initializer": {"class_name": "Zeros", "config": {}}, "units": 64, "unit_forget_bias": true, "activity_regularizer": null, "recurrent_dropout": 0.0, "kernel_initializer": {"class_name": "VarianceScaling", "config": {"distribution": "uniform", "scale": 1.0, "seed": null, "mode": "fan_avg"}}, "kernel_constraint": null, "dropout": 0.45, "stateful": false, "recurrent_regularizer": null, "name": "lstm_1", "bias_constraint": null, "go_backwards": false, "kernel_regularizer": null, "return_sequences": false, "recurrent_constraint": null}, "inbound_nodes": [[["masking_1", 0, 0, {}]]], "name": "lstm_1"}, {"class_name": "Dropout", "config": {"rate": 0.45, "trainable": true, "name": "dropout_1"}, "inbound_nodes": [[["dense_1", 0, 0, {}]]], "name": "dropout_1"}, {"class_name": "Concatenate", "config": {"trainable": true, "name": "concatenate_1", "axis": -1}, "inbound_nodes": [[["lstm_1", 0, 0, {}], ["dropout_1", 0, 0, {}]]], "name": "concatenate_1"}, {"class_name": "Dense", "config": {"kernel_initializer": {"class_name": "VarianceScaling", "config": {"distribution": "uniform", "scale": 1.0, "seed": null, "mode": "fan_avg"}}, "name": "dense_2", "kernel_constraint": null, "bias_regularizer": null, "bias_constraint": null, "activation": "relu", "trainable": true, "kernel_regularizer": {"class_name": "L1L2", "config": {"l2": 0.0, "l1": 0.0}}, "bias_initializer": {"class_name": "Zeros", "config": {}}, "units": 64, "use_bias": true, "activity_regularizer": null}, "inbound_nodes": [[["concatenate_1", 0, 0, {}]]], "name": "dense_2"}, {"class_name": "Dropout", "config": {"rate": 0.0, "trainable": true, "name": "dropout_2"}, "inbound_nodes": [[["dense_2", 0, 0, {}]]], "name": "dropout_2"}, {"class_name": "Dense", "config": {"kernel_initializer": {"class_name": "VarianceScaling", "config": {"distribution": "uniform", "scale": 1.0, "seed": null, "mode": "fan_avg"}}, "name": "dense_3", "kernel_constraint": null, "bias_regularizer": null, "bias_constraint": null, "activation": "relu", "trainable": true, "kernel_regularizer": {"class_name": "L1L2", "config": {"l2": 0.0, "l1": 0.0}}, "bias_initializer": {"class_name": "Zeros", "config": {}}, "units": 64, "use_bias": true, "activity_regularizer": null}, "inbound_nodes": [[["dropout_2", 0, 0, {}]]], "name": "dense_3"}, {"class_name": "Dropout", "config": {"rate": 0.0, "trainable": true, "name": "dropout_3"}, "inbound_nodes": [[["dense_3", 0, 0, {}]]], "name": "dropout_3"}, {"class_name": "Dense", "config": {"kernel_initializer": {"class_name": "VarianceScaling", "config": {"distribution": "uniform", "scale": 1.0, "seed": null, "mode": "fan_avg"}}, "name": "dense_4", "kernel_constraint": null, "bias_regularizer": null, "bias_constraint": null, "activation": "linear", "trainable": true, "kernel_regularizer": null, "bias_initializer": {"class_name": "Zeros", "config": {}}, "units": 1, "use_bias": true, "activity_regularizer": null}, "inbound_nodes": [[["dropout_3", 0, 0, {}]]], "name": "dense_4"}], "input_layers": [["input_2", 0, 0], ["input_1", 0, 0]], "output_layers": [["dense_4", 0, 0]], "name": "model_1"}, "backend": "tensorflow"}